Id,Label,timeset,num_minutes,avg_hour,indegree,outdegree,degree,Eccentricity,closnesscentrality,harmonicclosnesscentrality,betweenesscentrality
1,VQYI,,247595.6347,15.308106,130,111,241,4,0.598465,0.715456,5795.907283
2,VDRU,,161171.0655,15.555945,110,98,208,4,0.566586,0.681268,2512.241011
3,JRH,,127309.1758,15.160583,120,89,209,4,0.557143,0.662393,3746.592689
4,VCQF,,98563.43486,15.581297,102,87,189,4,0.542923,0.653846,1402.87574
5,MVJK,,81676.05827,14.354276,74,64,138,4,0.508696,0.600427,411.201531
6,KNJL,,59484.23977,13.414512,42,112,154,4,0.604651,0.718661,2594.736938
7,VQCL,,57176.06628,15.064839,95,86,181,4,0.5625,0.660969,2227.67473
8,SNNN,,52924.14763,14.458008,71,72,143,4,0.531818,0.625,994.905415
9,VQXG,,50445.51588,16.094796,81,71,152,4,0.527027,0.621439,1635.620641
10,AJG,,44439.43061,15.528851,89,85,174,4,0.559809,0.658832,2759.166731
11,SAX,,44274.00818,16.224569,80,74,154,4,0.525843,0.625356,1871.813785
12,GAN,,38894.97529,15.712186,137,94,231,4,0.554502,0.670228,6203.956072
13,KVKE,,32938.78314,15.982192,60,56,116,4,0.494715,0.580128,223.781043
14,SKG,,32184.81997,15.025199,70,70,140,4,0.516556,0.614316,1602.650551
15,GANZE,,30555.22291,15.53387,60,68,128,4,0.516556,0.611111,911.715412
16,VSZY,,30062.83372,15.037037,26,41,67,4,0.46988,0.541667,41.040291
17,LCY,,29838.42079,14.937079,92,76,168,4,0.546729,0.638889,1889.552898
18,VKUS,,29109.7743,15.51763,37,44,81,4,0.479508,0.552707,62.536977
19,DZWN,,28732.53273,15.127612,70,60,130,4,0.50431,0.592236,1119.112074
20,TKLV,,27898.05319,15.189542,50,49,99,4,0.479508,0.558761,2170.270638
21,GANPE,,25649.65254,15.080253,71,51,122,4,0.485477,0.566952,526.292386
22,ZUB,,25249.82684,16.224602,47,48,95,4,0.47561,0.556268,45.254377
23,TZR,,24262.01702,16.160022,53,60,113,4,0.509804,0.595085,157.977157
24,BZE,,22564.01849,16.761833,67,57,124,4,0.498934,0.584402,1123.5254
25,GANZW,,19957.22619,14.155396,54,70,124,4,0.512035,0.611467,727.680253
26,SEJ,,19175.64403,16.111111,56,55,111,4,0.493671,0.577279,149.824204
27,GANPW,,18866.60524,14.201659,38,44,82,4,0.483471,0.554843,214.387428
28,BKAC,,18152.49574,14.408765,40,39,79,5,0.466135,0.536823,36.766371
29,VJR,,17294.18723,14.141503,42,44,86,4,0.471774,0.547365,44.080944
30,CVXC,,16560.02995,16.362369,57,56,113,4,0.495763,0.581197,576.103278
31,RDLFI,,16143.25532,15.581081,51,49,100,4,0.490566,0.567664,162.802866
32,GANW,,15871.23699,14.693084,28,33,61,5,0.455253,0.519729,47.205894
33,GANCW,,15779.11244,14.590211,24,37,61,4,0.465209,0.532051,64.870245
34,BHSY,,15348.15205,15.689071,49,50,99,4,0.482474,0.563746,65.388772
35,GANSE,,15006.11964,14.70643,33,32,65,4,0.46063,0.52208,73.465586
36,BNPRT,,14889.87021,15.590599,54,53,107,4,0.488518,0.571581,250.686088
37,GVXT,,14277.5491,15.758207,51,48,99,4,0.473684,0.554843,201.004121
38,EXV,,13269.62111,16.039298,44,46,90,4,0.482474,0.557336,320.499335
39,EOQ,,12728.60867,16.978682,60,62,122,4,0.507592,0.595798,1366.942269
40,GANFE,,12410.73895,15.719062,30,31,61,4,0.45614,0.516738,731.444195
41,GANCE,,12385.21326,13.828299,25,31,56,5,0.444867,0.509402,19.219843
42,ZHJ,,11749.86088,15.552695,51,51,102,4,0.488518,0.568732,155.929505
43,GPGV,,11691.90376,15.64882,39,44,83,4,0.480493,0.553063,138.236466
44,USDSL,,11690.50704,14.834286,46,51,97,4,0.512035,0.582977,1381.321216
45,LZEBC,,11369.31538,14.856283,38,38,76,4,0.467066,0.535613,42.527385
46,VPGW,,11335.99165,16.081164,41,47,88,4,0.484472,0.560185,65.181404
47,GANSW,,10176.61899,13.798598,32,41,73,5,0.464286,0.538604,174.876637
48,LXQW,,9922.883961,13.333709,30,29,59,5,0.428571,0.49594,108.691166
49,BKE,,9563.697381,15.432108,44,41,85,4,0.464286,0.537749,696.506973
50,MVJK2,,9290.381342,14.317204,21,25,46,4,0.45,0.502849,98.259158
51,KXED,,9279.690671,15.090708,44,44,88,4,0.470825,0.547009,106.108034
52,FXVE,,9075.494763,15.258604,38,40,78,4,0.466135,0.537037,48.204715
53,DJBEE,,9017.894435,16.123561,49,55,104,4,0.501071,0.582265,185.657423
54,LXQ,,8931.02766,13.062959,31,27,58,5,0.440678,0.499786,74.875091
55,GANFW,,8893.78527,14.865579,23,32,55,4,0.457926,0.519587,27.106461
56,UST1,,8360.638134,15.278721,46,48,94,4,0.4875,0.563034,89.438265
57,RSNXE,,8293.251227,13.721766,25,31,56,5,0.427007,0.49765,114.658347
58,DZWN2,,7604.698691,15.700691,43,48,91,4,0.474645,0.555556,70.50821
59,RSNXW,,7565.888052,11.801455,30,30,60,5,0.444023,0.506909,181.072636
60,ZKWL,,7474.818494,15.869444,34,40,74,4,0.473684,0.541311,228.404699
61,ENND,,7381.90671,16.806883,40,37,77,4,0.461538,0.529202,58.928723
62,BKO,,7251.888871,16.584061,30,34,64,4,0.46063,0.524929,18.851792
63,RSN,,6926.854828,15.336815,40,39,79,4,0.462451,0.533832,298.574381
64,ANSY,,6912.891162,14.567376,14,15,29,5,0.432532,0.474145,731.979002
65,VQWX,,6590.786907,16.983553,31,37,68,4,0.471774,0.537037,53.199969
66,SKE,,6581.538462,16.357909,32,40,72,4,0.471774,0.541311,101.480172
67,LXQMW,,6445.773486,11.350785,21,24,45,5,0.440678,0.495869,47.330909
68,CVXNY,,6367.187234,15.233129,15,19,34,4,0.441509,0.487536,21.691454
69,AWRVO,,5938.819804,16.970984,33,40,73,4,0.474645,0.542379,57.576137
70,VZG-W,,5825.688707,14.88651,18,17,35,5,0.430147,0.476994,138.812171
71,RQSV,,5743.908838,15.330357,30,30,60,5,0.454369,0.5151,31.163467
72,RDL,,5459.571031,14.913621,27,29,56,5,0.453488,0.511895,178.468056
73,VZG-E,,5419.331424,15.042718,18,16,34,5,0.428571,0.473789,115.87456
74,RCOZW,,5309.234043,14.771676,11,14,25,5,0.418605,0.463604,57.855147
75,LXQAE,,5140.2527,14.84375,15,16,31,5,0.411972,0.460755,15.738885
76,QXW,,5065.271522,15.282095,17,23,40,4,0.45614,0.50463,1494.073136
77,RCOZE,,5021.459247,15.170093,24,20,44,5,0.420863,0.476282,158.629101
78,RCOZT,,5004.035679,14.175824,20,20,40,4,0.430939,0.480413,125.81441
79,DKJ-W,,4891.212275,14.973088,24,34,58,4,0.467066,0.529558,289.103559
80,GGMN,,4870.603273,14.646643,21,25,46,5,0.436567,0.494088,2.274008
81,RCZLE,,4836.6527,15.650281,25,31,56,5,0.450867,0.512963,72.488238
82,GEGH,,4744.376268,15.38633,28,33,61,5,0.463366,0.525071,91.414971
83,EEQW,,4684.138953,14.519743,35,44,79,4,0.467066,0.543803,445.939819
84,LXQAW,,4671.981833,14.261863,13,18,31,5,0.368504,0.424003,9.589007
85,FXX,,4615.272995,14.928994,18,22,40,5,0.440678,0.492664,92.607413
86,LXQME,,4417.516367,12.067661,26,23,49,5,0.433333,0.489601,64.816222
87,ZDG-W,,4366.360065,14.531811,19,21,40,4,0.441509,0.491453,122.745548
88,MAR,,4180.282488,14.97491,27,29,56,4,0.461538,0.51745,267.989621
89,LXQTW,,4151.916203,13.691761,20,24,44,5,0.423913,0.483547,58.466176
90,BHG,,4026.944517,14.833659,27,28,55,5,0.45,0.507977,408.071704
91,LCY2,,3933.529951,14.84368,50,49,99,4,0.506494,0.576211,1687.036702
92,LXQTE,,3840.803437,13.533865,20,22,42,5,0.429358,0.4849,107.363816
93,AJGMV,,3606.295745,14.334071,22,18,40,5,0.427788,0.476567,141.240267
94,SWP-E,,3601.947136,13.625912,16,19,35,5,0.419355,0.472436,72.153126
95,EELX,,3554.166776,15.058506,34,33,67,5,0.449136,0.5151,156.418171
96,ZDG-E,,3480.138134,14.604076,23,22,45,5,0.441509,0.49302,213.897497
97,DKJRE,,3436.239607,14.825493,34,19,53,5,0.429358,0.478704,254.650023
98,SHJ,,3348.12766,14.6419,20,27,47,5,0.437383,0.497293,89.818396
99,BWIB,,3330.603601,13.875,5,7,12,5,0.393939,0.42963,142.386427
100,SWP-W,,3288.111293,14.240343,14,13,27,5,0.39661,0.442806,34.136563
101,PIJ,,3212.618985,14.751139,37,45,82,4,0.477551,0.553063,71.229205
102,FNMF,,3118.190507,15.667364,24,22,46,4,0.438202,0.490028,4.076808
103,DKJRW,,3078.874141,13.815985,14,17,31,5,0.427007,0.47443,49.343871
104,FNXP,,3056.098854,13.173913,2,2,4,1,1,1,228
105,LCYX,,3024.898527,15.132304,32,26,58,5,0.446565,0.502635,498.34986
106,RSNW,,2976.676759,14.608696,18,18,36,5,0.404145,0.45755,34.614668
107,SHJW,,2965.15581,14.102703,16,14,30,5,0.393277,0.442236,25.188301
108,QUA,,2845.851227,15.531447,18,21,39,5,0.452611,0.499786,1091.578651
109,VLXI,,2828.556137,14.758782,19,18,37,5,0.433333,0.479843,152.304783
110,VSXP,,2826.154664,15.018201,26,36,62,4,0.465209,0.530983,25.974579
111,DKJ-E,,2798.399182,15.089021,27,23,50,4,0.439024,0.492165,187.177526
112,RSN2E,,2761.81653,14.903797,24,26,50,5,0.434944,0.493732,121.999224
113,BVY,,2749.197381,15.253197,17,19,36,4,0.436567,0.48433,57.97564
114,LRX-W,,2738.971031,13.434698,17,18,35,5,0.428571,0.477279,107.439006
115,RSN3W,,2672.050573,14.020249,12,15,27,5,0.389351,0.44188,15.666662
116,RSNBW,,2532.52455,13.525326,12,14,26,5,0.393277,0.442236,6.035391
117,RSN3E,,2375.157119,14.781659,16,15,31,5,0.397284,0.447934,21.102128
118,RSN2W,,2352.143699,14.014124,19,17,36,5,0.376812,0.43255,31.467866
119,VJRLC,,2255.144517,13.83758,14,15,29,5,0.421622,0.468234,23.067023
120,MNTGN,,2235.897872,14.127796,15,14,29,5,0.423913,0.467379,28.959317
121,RVEG,,2231.764157,13.608696,2,2,4,4,0.454545,0.616667,5
122,YGGV,,2222.474795,15.861199,18,19,37,5,0.443182,0.489103,47.903072
123,DXXY,,2159.552373,14.521739,2,3,5,3,0.625,0.766667,8
124,AAJA,,2114.575614,14.899254,13,17,30,5,0.41637,0.46396,61.374206
125,SHJ2W,,1939.127987,13.227766,14,17,31,5,0.401372,0.453632,27.82034
126,LRX-E,,1923.971849,14.235974,14,19,33,5,0.417857,0.47037,66.379603
127,RSNBE,,1902.434861,14.379795,17,18,35,5,0.415631,0.467165,44.323195
128,EELXE,,1877.061047,14.87037,24,21,45,5,0.443182,0.492664,448.22896
129,EELXW,,1865.729787,14.848958,18,26,44,5,0.443182,0.500142,1308.38106
130,SHJ2E,,1774.562848,14.325088,17,17,34,5,0.42623,0.472721,40.041449
131,RCOCW,,1752.478396,14.357388,11,11,22,5,0.401372,0.443519,60.411373
132,KNY-E,,1738.961211,15.228866,16,15,31,5,0.397959,0.447151,65.228898
133,VVEGS,,1641.447791,14.745387,6,13,19,5,0.427788,0.468091,10.973294
134,USDCL,,1611.734534,15.070812,12,16,28,5,0.430147,0.474858,40.258798
135,RCOZF,,1542.027823,13.600939,8,7,15,5,0.333809,0.368162,1.133145
136,KNY-W,,1493.548282,14.142857,12,12,24,5,0.344624,0.384544,14.631281
137,NGZS,,1480.512766,15.516779,14,13,27,5,0.417112,0.458476,2.992741
138,RCOCE,,1396.799836,14.28777,9,10,19,5,0.331915,0.371154,6.114863
139,KCUAZ,,1383.090507,12.62069,1,0,1,0,0,0,0
140,PYZ,,1381.979705,13.926136,4,5,9,5,0.303896,0.328704,59.470433
141,USDCT,,1251.187889,14.301124,16,21,37,5,0.43985,0.489815,625.826651
142,RMGRK,,1242.344354,13.993548,9,6,15,5,0.310757,0.336111,209.521938
143,UIGV,,1196.7527,14.463768,14,12,26,5,0.420108,0.461467,14.788199
144,GANLE,,1169.275614,14.784394,20,27,47,5,0.436567,0.496937,24.858082
145,RFE-E,,1136.602455,15.438776,15,17,32,5,0.397284,0.449786,449.331777
146,RDCL,,1130.916367,15.439479,21,30,51,4,0.45614,0.514957,12.022154
147,NESIE,,1098.759411,13.631579,4,5,9,6,0.252427,0.274786,19.840935
148,USPNO,,1061.594926,15.436893,5,5,10,5,0.398637,0.430413,187.837974
149,GNVE,,1054.218167,15.018519,8,12,20,5,0.376206,0.418162,17.684277
150,RFE-W,,1051.321113,13.799065,11,12,23,5,0.39661,0.440385,25.916595
151,VCRT,,1016.329296,19.086207,5,5,10,5,0.375602,0.412963,64.530844
152,GNG,,999.809165,15.365217,3,4,7,5,0.350825,0.381268,490.910938
153,BZWAN,,980.641899,15.464427,19,26,45,4,0.444023,0.500356,3.587647
154,OQY3,,965.674632,14.962963,3,1,4,6,0.268041,0.281481,130.213361
155,NFGDR,,957.480033,15.422043,17,20,37,5,0.431734,0.484259,19.502604
156,GVGS,,927.236498,14.597598,16,20,36,4,0.427788,0.47792,3524.659584
157,LDE,,887.853682,15.219101,14,14,28,5,0.411972,0.456695,0.215892
158,VLRC,,875.914894,15.858491,19,17,36,5,0.402062,0.450641,12.41438
159,AEPES,,865.265794,13.266667,0,0,0,0,0,0,0
160,VXV,,845.484452,14.734568,8,7,15,5,0.357798,0.390313,4.430147
161,RINce,,837.2982,13.367647,9,11,20,5,0.409091,0.451425,528.085814
162,VDAD,,774.05221,18.880435,7,7,14,5,0.349254,0.387251,661.999704
163,GANLW,,766.803601,14.792477,20,28,48,5,0.432532,0.497009,31.72957
164,JVSS,,728.767921,14.9,13,12,25,5,0.418605,0.459544,28.897854
165,IXIZ,,675.184943,14.583333,0,1,1,1,1,1,0
166,BDETR,,660.647954,13.363636,2,2,4,6,0.246835,0.261111,0
167,VJRTH,,576.15221,17.208333,2,2,4,5,0.33864,0.365171,0
168,SKSIS,,562.927169,14.333333,0,1,1,5,0.325035,0.34773,0
169,VDXC,,539.763993,18.886076,5,4,9,5,0.322314,0.350997,59.203685
170,VRAE,,538.587234,15.22449,10,10,20,5,0.415631,0.454701,12.721204
171,BVEEL,,535.458593,16.336842,6,7,13,5,0.353474,0.390385,281.728252
172,RJRS,,510.600655,15.551724,4,3,7,6,0.304291,0.323148,155.648487
173,BKGRY,,507.865303,15.457831,6,4,10,5,0.324549,0.348789,722.03358
174,QYZ,,491.145663,14.331492,5,5,10,5,0.302717,0.327422,64.14962
175,KDNNT,,490.913912,15.636364,2,2,4,6,0.233533,0.245513,449
176,LFXIC,,458.741244,15.627072,17,20,37,4,0.448276,0.494658,493.64685
177,BEXRK,,453.738952,13.287129,5,3,8,6,0.238776,0.254915,60.492038
178,SWNP,,430.991817,13.686567,3,2,5,5,0.316216,0.334188,536.139858
179,ZCVOS,,417.574632,16.371429,1,1,2,1,1,1,1
180,LJGAL,,414.209493,14.449612,6,6,12,5,0.347181,0.376923,585.785336
181,VDLV,,410.059738,19.056338,4,2,6,6,0.260579,0.278917,7.841599
182,ONW,,394.117676,15.126582,2,2,4,5,0.348733,0.374929,0
183,KDMAS,,352.026187,15.4,1,1,2,2,0.666667,0.75,4
184,OWBVW,,350.28216,15.212963,11,18,29,5,0.442344,0.487678,242.575334
185,BERSS,,341.667267,15.263158,1,2,3,2,0.625,0.7,6
186,LCYS,,308.130278,15.820628,8,11,19,5,0.422383,0.459544,729.522095
187,RDEN,,302.942389,13.488889,4,3,7,5,0.326816,0.353134,234.5
188,SJMEM,,298.292144,13.230769,4,3,7,5,0.326816,0.353134,27.877757
189,UVO1,,275.116367,17.704225,0,5,5,5,0.345588,0.37922,0
190,MSM4,,271.319967,18.104167,3,3,6,5,0.378641,0.410541,761.148902
191,OWNG,,266.000327,14.580645,3,2,5,7,0.209115,0.221968,4.960562
192,MSM3,,259.94779,19.765957,3,4,7,6,0.298469,0.322436,262.533874
193,ZHBR,,259.751391,15.38,2,2,4,6,0.276596,0.293234,2.478927
194,GANE,,258.655483,18.73913,0,1,1,7,0.194103,0.201577,0
195,MAR3,,255.447136,20.173913,5,4,9,5,0.365625,0.398148,931.386499
196,OQY27,,251.94599,18.421053,0,0,0,0,0,0,0
197,ENMK,,247.673813,14.37037,0,0,0,0,0,0,0
198,OXQ,,239.328314,18.8,0,0,0,0,0,0,0
199,OQY11,,231.340098,16.086957,0,0,0,0,0,0,0
200,RQLCE,,230.378887,14.852564,2,4,6,5,0.366771,0.397863,5.722401
201,OQY10,,228.606383,16.964286,1,1,2,2,0.666667,0.75,2
202,VAABB,,215.57856,18.903226,3,3,6,5,0.365625,0.394017,26.667284
203,OQY25,,214.761211,15.75,0,0,0,0,0,0,0
204,VHVP,,193.940916,18.575,2,3,5,5,0.372611,0.402564,5.534865
205,CXECE,,185.603273,14.550459,5,4,9,5,0.362229,0.391524,234.952381
206,LJQ,,184.186252,15.5,1,1,2,1,1,1,5.680539
207,YBZt7,,169.8018,15.785714,1,1,2,1,1,1,0
208,MAR2,,167.723077,17.863636,1,1,2,6,0.268571,0.282624,235
209,ZEGRK,,163.08707,13.015873,3,3,6,6,0.262626,0.280983,218.499862
210,LCY-S,,158.430442,14.991304,11,6,17,5,0.356164,0.386752,7.933623
211,USD,,151.241244,18,2,0,2,0,0,0,0
212,AVTB,,149.194763,15.6,0,1,1,5,0.352941,0.463889,0
213,MSM6,,145.694926,20.888889,0,0,0,0,0,0,0
214,OQY32,,137.084779,17.045455,0,0,0,0,0,0,0
215,OQY23,,127.968412,16.578947,0,0,0,0,0,0,0
216,DZW2,,127.250246,18.142857,0,0,0,0,0,0,0
217,SDV,,125.940589,18.5,0,0,0,0,0,0,0
218,OQY6,,114.399673,15.875,1,1,2,1,1,1,0
219,AJRT,,110.173977,13.540984,3,4,7,6,0.314939,0.336681,296.188293
220,LXZic,,109.925368,15.068627,3,3,6,5,0.380488,0.410185,21.180032
221,MSM5,,108.345008,19.111111,2,1,3,6,0.274971,0.288462,0
222,RSNE,,105.87545,17.4,0,0,0,0,0,0,0
223,DZWNW,,102.300982,14.476923,2,3,5,5,0.365625,0.39651,6.507661
224,OQY8,,99.146972,15.238095,0,0,0,0,0,0,0
225,GAN2W,,97.986252,18.777778,0,0,0,0,0,0,0
226,QBCIT,,97.828642,13.737864,6,4,10,5,0.302326,0.325285,157.728436
227,OQY31,,91.372668,16.458333,0,0,0,0,0,0,0
228,MSM1,,90.43617,18.567164,4,5,9,5,0.389351,0.423291,227.228844
229,ANME,,80.880033,14,1,0,1,0,0,0,0
230,OQY30,,80.325859,14.375,0,0,0,0,0,0,0
231,FXJ,,75.122422,19.428571,0,0,0,0,0,0,0
232,QVN,,73.105565,14.888889,1,2,3,6,0.300771,0.317593,0
233,NWLG,,71.910966,14.204082,2,1,3,6,0.276596,0.291809,4.400043
234,GAN2E,,68.1491,19.705882,1,1,2,6,0.239837,0.25,236
235,YBZt8,,62.730278,15.651163,1,1,2,5,0.358896,0.385541,0
236,OQY15,,61.552864,14.772727,0,0,0,0,0,0,0
237,CVXCS,,59.567758,17.24359,1,4,5,5,0.376206,0.4099,225
238,AWIL,,59.370867,15.772152,4,4,8,5,0.406957,0.43604,0
239,BSOIS,,58.540589,15.322581,1,1,2,2,0.666667,0.75,0
240,ENQSW,,53.991162,17.148148,1,1,2,6,0.247096,0.259615,0
241,MAR8,,53.891653,20.05,2,1,3,5,0.333333,0.35698,234
242,YBZt6,,52.419967,17.095238,0,1,1,1,1,1,0
243,OQY1,,49.531424,15.60177,3,5,8,5,0.372611,0.407692,12.124596
244,RIY,,48.641244,17,0,0,0,0,0,0,0
245,MAR08,,46.251227,21.866667,1,1,2,1,1,1,0
246,MJHRL,,40.480687,15.63964,5,9,14,5,0.381107,0.419658,721.103216
247,CVXWI,,40.146809,19,0,0,0,0,0,0,0
248,CVXCV,,39.720949,19,0,0,0,0,0,0,0
249,CVXHL,,39.262848,18.5,0,0,0,0,0,0,0
250,OQY26,,39.163502,15.1875,0,0,0,0,0,0,0
251,OQY20,,35.595745,15.588235,0,0,0,0,0,0,0
252,SNGS,,34.448445,14.944444,3,2,5,7,0.240741,0.253816,2.895833
253,MAR1,,33.385597,16.478261,0,1,1,7,0.212421,0.221388,0
254,QNJK,,28.952373,21,0,0,0,0,0,0,0
255,KNYE,,27.752373,16.54717,0,1,1,6,0.266742,0.279574,0
256,OQY4,,27.409165,15.067797,2,2,4,5,0.363919,0.393803,236
257,DZWNX,,26.146481,14.112676,3,3,6,5,0.363919,0.395228,0
258,LJQRG,,25.987889,17.208333,1,1,2,6,0.232604,0.242094,0
259,BDGV,,24.449918,18.315789,2,1,3,6,0.259136,0.274644,0
260,OWBV,,24.418167,18.461538,0,0,0,0,0,0,0
261,OQY13,,22.878232,14.769231,1,0,1,0,0,0,0
262,MAR5,,22.435843,20.173913,2,2,4,5,0.364486,0.394872,10.466596
263,GAN3E,,22.077087,19.666667,1,1,2,5,0.314171,0.33305,470
264,OQY28,,20.505074,16.818182,0,0,0,0,0,0,0
265,MAR6,,19.883797,18.947368,0,1,1,6,0.2508,0.262553,0
266,OQY2,,19.042717,14.974684,4,2,6,5,0.363354,0.393091,3.667696
267,OQY5,,18.929787,16.440678,3,4,7,5,0.365055,0.398077,548.786639
268,YBZt2,,18.902946,12.888889,0,0,0,0,0,0,0
269,DZWNC,,18.804419,18.833333,0,0,0,0,0,0,0
270,SJU,,18.427169,13.681818,2,0,2,0,0,0,0
271,OQY21,,17.920131,15.6875,0,0,0,0,0,0,0
272,RXMSA,,15.85761,11.933333,0,0,0,0,0,0,0
273,RQWV1,,15.481506,12.923077,0,0,0,0,0,0,0
274,OQY22,,14.59689,15.558824,1,0,1,0,0,0,0
275,OQY12,,14.546645,15.548387,1,1,2,1,1,1,2
276,OQY34,,14.318003,12.666667,1,1,2,1,1,1,227
277,RXVER,,13.434697,15.5,2,1,3,5,0.301158,0.31802,465
278,NGXY,,12.077905,18.714286,0,0,0,0,0,0,0
279,MSM7,,12.011948,15.882353,0,0,0,0,0,0,0
280,CVXCH,,11.947136,17.833333,0,0,0,0,0,0,0
281,KXGIN,,11.601146,15.6,1,1,2,6,0.240989,0.25057,0
282,NKS37,,11.390998,19,0,0,0,0,0,0,0
283,GAN2,,11.357938,19.5,0,0,0,0,0,0,0
284,MAR07,,11.112111,21.8125,1,1,2,1,1,1,0
285,LXQ2W,,10.932733,19.5,0,0,0,0,0,0,0
286,MSM2,,10.898036,19.541667,2,1,3,7,0.230088,0.241473,1.346561
287,SIMND,,10.277905,19.333333,0,0,0,0,0,0,0
288,MAR4,,9.786252,20,1,1,2,6,0.268041,0.281695,0
289,BZX,,8.052209,18.4,0,0,0,0,0,0,0
290,RQWV2,,8.017676,11.652174,0,0,0,0,0,0,0
291,VVGV,,7.952209,18.65,1,1,2,5,0.345643,0.372151,0
292,VZJAN,,7.90491,18.285714,0,0,0,0,0,0,0
293,GAN3W,,7.756792,18.857143,0,1,1,5,0.34157,0.367021,0
294,MAR03,,7.609984,20.25,0,0,0,0,0,0,0
295,NEE,,7.430278,18.5,0,0,0,0,0,0,0
296,SHRXW,,7.152046,20.5,0,0,0,0,0,0,0
297,OQY9,,6.854828,15.451613,0,1,1,3,0.5,0.611111,0
298,DZCOW,,6.840589,18.285714,0,0,0,0,0,0,0
299,OQY33,,6.805074,16.096774,1,0,1,0,0,0,0
300,CVXSC,,6.775614,17.75,0,0,0,0,0,0,0
301,OQY7,,6.758265,14.391304,2,0,2,0,0,0,0
302,OQY16,,6.576596,17,0,0,0,0,0,0,0
303,OQY24,,6.021277,16,0,0,0,0,0,0,0
304,AAJAM,,5.957283,18.5,0,0,0,0,0,0,0
305,OQY29,,5.825041,12.470588,0,0,0,0,0,0,0
306,GANF,,5.728314,18,0,0,0,0,0,0,0
307,SWRV,,5.678396,18.25,0,0,0,0,0,0,0
308,GZE,,5.66252,20.375,0,0,0,0,0,0,0
309,RQWV6,,5.561702,13.882353,2,0,2,0,0,0,0
310,OQY19,,4.956465,16.772727,0,0,0,0,0,0,0
311,MAR10,,4.531424,18.076923,1,0,1,0,0,0,0
312,OQY18,,4.466285,15.380952,0,0,0,0,0,0,0
313,MAR9,,3.958265,16.217391,1,0,1,0,0,0,0
314,MAR06,,3.861866,20.8,0,0,0,0,0,0,0
315,MAR11,,3.681015,14.45,1,0,1,0,0,0,0
316,BSG51,,3.664812,19.3,0,0,0,0,0,0,0
317,RQWV3,,3.615385,14.647059,0,0,0,0,0,0,0
318,ENQS,,3.48527,18.818182,0,0,0,0,0,0,0
319,NKS24,,3.322422,20,0,0,0,0,0,0,0
320,RQWV5,,3.239444,16.277778,1,0,1,0,0,0,0
321,AUX,,3.190507,17,0,0,0,0,0,0,0
322,OQY14,,3.173486,14.761905,0,0,0,0,0,0,0
323,MAR01,,3.060393,18,0,0,0,0,0,0,0
324,RQWV4,,2.552537,16.5,0,0,0,0,0,0,0
325,OQY17,,2.22455,15,0,0,0,0,0,0,0
326,MAR02,,2.127496,18,0,0,0,0,0,0,0
327,MAR7,,2.094108,18.3,0,0,0,0,0,0,0
328,MSM05,,2.02946,22,0,0,0,0,0,0,0
329,BSG50,,1.96383,17.625,0,0,0,0,0,0,0
330,GKE,,1.914403,21.666667,0,0,0,0,0,0,0
331,BSG52,,1.7018,19.6,0,0,0,0,0,0,0
332,MAR04,,1.6527,21.25,0,0,0,0,0,0,0
333,VNOLD,,1.407365,17.5,0,0,0,0,0,0,0
334,YBZt4,,1.325532,14.285714,0,0,0,0,0,0,0
335,NKS4,,1.276432,16,0,0,0,0,0,0,0
336,LXQ2E,,1.260065,21,0,0,0,0,0,0,0
337,NKS32,,1.227005,19,0,0,0,0,0,0,0
338,NKS11,,1.211129,16.5,0,0,0,0,0,0,0
339,BEO&B,,1.210802,17,0,0,0,0,0,0,0
340,YBZt5,,0.997709,16.571429,0,0,0,0,0,0,0
341,MAR05,,0.981833,21.25,0,0,0,0,0,0,0
342,YBZt1,,0.882979,16.714286,0,0,0,0,0,0,0
343,DZCOE,,0.850573,18,0,0,0,0,0,0,0
344,VXV!,,0.76874,16.5,0,0,0,0,0,0,0
345,NKS38,,0.73617,18.75,0,0,0,0,0,0,0
346,RWNCK,,0.703601,14.25,0,0,0,0,0,0,0
347,NKS1,,0.703437,18.5,0,0,0,0,0,0,0
348,NKS31,,0.589198,18,0,0,0,0,0,0,0
349,ZDVAX,,0.507038,21,0,0,0,0,0,0,0
350,NKS3,,0.458265,20,0,0,0,0,0,0,0
351,NKS2,,0.458101,17,0,0,0,0,0,0,0
352,NKS25,,0.425205,17.5,0,0,0,0,0,0,0
353,HKXP,,0.409165,18,0,0,0,0,0,0,0
354,YBZt3,,0.409002,6.666667,0,0,0,0,0,0,0
355,LXQE,,0.408838,19.5,0,0,0,0,0,0,0
356,NKSP1,,0.392799,17,0,0,0,0,0,0,0
357,EVBST,,0.392635,14,0,0,0,0,0,0,0
358,ZNOIG,,0.392635,15,0,0,0,0,0,0,0
359,DGTVT,,0.392635,19.666667,0,0,0,0,0,0,0
360,SAE,,0.392635,20.5,0,0,0,0,0,0,0
361,BZW1,,0.376268,20,0,0,0,0,0,0,0
362,BNVCL,,0.343535,19,0,0,0,0,0,0,0
363,NKSP2,,0.294599,17.5,0,0,0,0,0,0,0
364,BZW2,,0.294435,18.666667,0,0,0,0,0,0,0
365,MAR09,,0.261538,22,0,0,0,0,0,0,0
366,NKS36,,0.245499,15,0,0,0,0,0,0,0
367,RKBAK,,0.229133,19.5,0,0,0,0,0,0,0
368,KCEJZ,,0.228969,15.5,0,0,0,0,0,0,0
369,HKGLS,,0.212602,22,0,0,0,0,0,0,0
370,FNXPL,,0.212602,19,0,0,0,0,0,0,0
371,MSM8,,0.196236,18,0,0,0,0,0,0,0
372,NKS5,,0.196236,20,0,0,0,0,0,0,0
373,ZHRXW,,0.1473,21,0,0,0,0,0,0,0
374,RSNW1,,0.0982,17,0,0,0,0,0,0,0
375,TKL,,0.0982,22,0,0,0,0,0,0,0
376,TZJ,,0.0982,15,0,0,0,0,0,0,0
377,SSVAX,,0.098036,21,0,0,0,0,0,0,0
378,NKS34,,0.081833,20,0,0,0,0,0,0,0
379,CVXKI,,0.081669,17,0,0,0,0,0,0,0
380,exit,,,,154,0,154,0,0,0,0
